epoch;loss;train_acc;train_auprc;train_auroc;train_minpse;train_prec0;train_prec1;train_rec0;train_rec1;val_acc;val_auprc;val_auroc;val_loss;val_minpse;val_prec0;val_prec1;val_rec0;val_rec1
0;0.3592139627452333;0.87391865;0.4635525653887943;0.8209542108786678;0.4730749874182184;0.8777259;0.70731705;0.99243736;0.116758935;0.8739913;0.466750173477877;0.8249578495360155;0.3134792244523153;0.4759725400457666;0.8780178;0.7027027;0.9921034;0.119266056
1;0.33078512741133137;0.878823;0.493505875800753;0.8296783789765031;0.4994994994994995;0.887249;0.67687076;0.9850323;0.20030196;0.8777157;0.4871409535551076;0.8271081818002198;0.307929464364407;0.49122807017543857;0.8880597;0.65;0.98241204;0.2087156
2;0.3236727014571727;0.8786186;0.5067185892196057;0.8357932794454326;0.5050100200400801;0.88266236;0.7423168;0.9914133;0.15802717;0.8786468;0.4982376097010336;0.8290008364232697;0.3055173430677381;0.4851258581235698;0.88246566;0.74725276;0.99174446;0.1559633
3;0.318216423602192;0.88113886;0.5170034211510726;0.8404379926906332;0.5047810770005032;0.8973075;0.63414633;0.9740035;0.28787115;0.8823712;0.5054026980525679;0.8312367868174424;0.30582680659568656;0.487551867219917;0.8991708;0.6376812;0.9730797;0.3027523
